date,sunrise,sunset
2023-06-26,04:54,21:26
2023-06-27,04:55,21:26
2023-06-28,04:55,21:26
2023-06-29,04:56,21:26
2023-06-30,04:56,21:26
2023-07-01,04:57,21:25
2023-07-02,04:58,21:25
2023-07-03,04:58,21:25
2023-07-04,04:59,21:24
2023-07-05,05:00,21:24
2023-07-06,05:01,21:23
2023-07-07,05:02,21:23
2023-07-08,05:03,21:22
2023-07-09,05:03,21:22
2023-07-10,05:04,21:21
2023-07-11,05:05,21:20
2023-07-12,05:06,21:19
2023-07-13,05:08,21:19
2023-07-14,05:09,21:18
2023-07-15,05:10,21:17
2023-07-16,05:11,21:16
2023-07-17,05:12,21:15
2023-07-18,05:13,21:14
2023-07-19,05:15,21:13
2023-07-20,05:16,21:11
2023-07-21,05:17,21:10
2023-07-22,05:18,21:09
2023-07-23,05:20,21:08
2023-07-24,05:21,21:07
2023-07-25,05:22,21:05
2023-07-26,05:24,21:04
2023-07-27,05:25,21:02
2023-07-28,05:27,21:01
2023-07-29,05:28,21:00
2023-07-30,05:29,20:58
2023-07-31,05:31,20:57
2023-08-01,05:32,20:55
2023-08-02,05:34,20:53
2023-08-03,05:35,20:52
2023-08-04,05:37,20:50
2023-08-05,05:38,20:48
2023-08-06,05:40,20:47
2023-08-07,05:41,20:45
2023-08-08,05:43,20:43
2023-08-09,05:44,20:41
2023-08-10,05:46,20:40
2023-08-11,05:47,20:38
2023-08-12,05:49,20:36
2023-08-13,05:50,20:34
2023-08-14,05:52,20:32
2023-08-15,05:53,20:30
2023-08-16,05:55,20:28
2023-08-17,05:56,20:26
2023-08-18,05:58,20:24
2023-08-19,05:59,20:22
2023-08-20,06:01,20:20
2023-08-21,06:03,20:18
2023-08-22,06:04,20:16
2023-08-23,06:06,20:14
2023-08-24,06:07,20:12
2023-08-25,06:09,20:10
2023-08-26,06:10,20:08
2023-08-27,06:12,20:06
2023-08-28,06:13,20:04
2023-08-29,06:15,20:02
2023-08-30,06:16,20:00
2023-08-31,06:18,19:57
2023-09-01,06:19,19:55
2023-09-02,06:21,19:53
2023-09-03,06:23,19:51
